id,active,sort_order,product_type,category,subcategory,sku,title,series,variant,price,old_price,product_url,image_url,voltage_v,compatible_voltage,compatibility_filter,compatibility_note,shaft_in,shaft_cm,boat_max_m,boat_max_kg,thrust_lbs,thrust_kg,motor_weight_kg,power_w,capacity_ah,battery_type,current_a,cable_length_m,dimensions,material,gps,glonass,beidou,compass,short_description,card_spec_1,card_spec_2,card_spec_3,card_spec_4,data_confidence,spec_conflict_note,primary_spec_source,secondary_spec_source,inventory_source,source_checked_date,propeller,mount,control,battery_recommend,kit_contents,cycles,charger_a,temp_range,weight_kg,peak_current_a,show_in_catalog,public_card,combo_group,show_in_combo
M-P001-54,1,10,motor,Электромоторы,GPS-электромоторы,P001-12V-54,HAIBO P001 iPenguin 12V 54″,P001,12V / 54″,132900,139800,https://haibo-official.ru/1000,https://img1.creatium.ru/disk2/3e/c6/bc/a811fff1c2b741a73219325578045071ac/haibo.png,12,12,P001,Мотор P001,54,137,5,,88,40,20,540,,,,,,,1,1,1,1,Носовой GPS-электромотор 12 В для лодок до 5 м.,12 В,Штанга 137 см,Тяга 40 кг,Лодка до 5 м,medium,"Тяга 40 кг и штанга 137 см совпадают на haibo-official.ru/1000 и у дилеров. 88 lbs — пересчёт 40 кг и таблица Профиснасти (88/40). Мощность 540 Вт есть на haiborussia.ru, на своём сайте ватт нет. Ток на своём сайте не указан. «До 400 кг» есть только в подзаголовке карточки, в блоке характеристик массы нет.",https://haibo-official.ru/,https://haiborussia.ru/,https://haibo-official.ru/,2026-09-24,3 лопасти,носовое,дистанционный пульт,,"мотор, пульт, 2 винта, ключ, инструкция, быстросъёмная пластина; на сайте указан вес комплекта 25 кг",,,,,,1,1,motor,1
M-P001-72,1,20,motor,Электромоторы,GPS-электромоторы,P001-12V-72,HAIBO P001 iPenguin 12V 72″,P001,12V / 72″,139900,141900,https://haibo-official.ru/1001,https://img1.creatium.ru/disk2/e1/e5/c3/cafd3998cc69703de086cf814564e36549/72_noga.png,12,12,P001,Мотор P001,72,183,5,,88,40,20,540,,,,,,,1,1,1,1,Носовой GPS-электромотор 12 В с длинной штангой 72″.,12 В,Штанга 183 см,Тяга 40 кг,Лодка до 5 м,medium,"Главная и haiborussia.ru дают ногу 183 см. В тексте haibo-official.ru/1001 ошибочно 153 см. Тяга 40 кг, вес 20 кг, мощность 540 Вт (haiborussia.ru). Ток на своём сайте не указан. «До 400 кг» только в подзаголовке.",https://haibo-official.ru/,https://haiborussia.ru/,https://haibo-official.ru/,2026-09-24,3 лопасти,носовое,дистанционный пульт,,"мотор, пульт, 2 винта, ключ, инструкция, быстросъёмная пластина; вес комплекта на сайте 25 кг",,,,,,1,1,motor,1
M-P002-60,1,30,motor,Электромоторы,GPS-электромоторы,P002-24V-60,HAIBO P002 iPenguin 24V 60″,P002,24V / 60″,144900,149900,https://haibo-official.ru/1002,https://img1.creatium.ru/disk2/34/58/4d/9f4cc2b2aba7aa85c1164302866c90e4a7/haibo.png,24,24,P002,Мотор P002,60,152.4,6,,,,25,1200,,,,,,,1,1,1,1,Носовой GPS-электромотор 24 В для лодок до 6 м.,24 В,Штанга 60″ / 152 см,Мощность 1200 Вт,Лодка до 6 м,conflict,"haiborussia.ru: 1200 Вт, стойка 152,4 см, вес 25 кг, лодка до 6 м, тяги нет. Главная haibo-official.ru: нога 153 см, лодка до 6 м и до 750 кг. Текст /1002 противоречит названию: нога 183 см, тяга 36 кг, вес 27 кг. Тягу в карточку не ставим. 750 кг только в подзаголовке.",https://haibo-official.ru/,https://haiborussia.ru/,https://haibo-official.ru/,2026-09-24,3 лопасти,носовое,дистанционный пульт,,"по haiborussia.ru: мотор, беспроводной пульт, 1 пластиковый винт, инструкция",,,,,,1,1,motor,1
M-P002-72,1,40,motor,Электромоторы,GPS-электромоторы,P002-24V-72,HAIBO P002 iPenguin 24V 72″,P002,24V / 72″,149900,156000,https://haibo-official.ru/1003,https://img1.creatium.ru/disk2/fb/1f/8d/ffe6524be049d4cb42582643a770c6cde7/haibo_1.png,24,24,P002,Мотор P002,72,182.9,6,,,,25,1200,,,,,,,1,1,1,1,Носовой GPS-электромотор 24 В с штангой 72″.,24 В,Штанга 72″ / 183 см,Мощность 1200 Вт,Лодка до 6 м,conflict,"haiborussia.ru: 1200 Вт, стойка 182,9 см, вес 25 кг, лодка до 6 м. Главная: нога 183 см, лодка до 6 м и 750 кг. Текст /1003: тяга 36 кг, вес 28 кг, лодка «до 5,5 / до 6 м». Тягу в карточку не ставим.",https://haibo-official.ru/,https://haiborussia.ru/,https://haibo-official.ru/,2026-09-24,3 лопасти,носовое,дистанционный пульт,,"по haiborussia.ru: мотор, беспроводной пульт, 1 пластиковый винт, инструкция",,,,,,1,1,motor,1
M-P003-72,1,50,motor,Электромоторы,GPS-электромоторы,P003-36V-72,HAIBO P003 iPenguin 36V 72″,P003,36V / 72″,159900,178000,https://haibo-official.ru/1004,https://img1.creatium.ru/disk2/fa/95/c5/7c6a9e4cf96a25fc9dd69154d54a20c8c1/haibo.png,36,36,P003,Мотор P003,72,183,,,,,,,,,,,,,1,1,1,1,Флагманский носовой GPS-электромотор 36 В для крупных лодок и катеров.,36 В,Штанга 183 см,"GPS, ГЛОНАСС, BeiDou","Носовое, пульт",conflict,"Свой сайт /1004: 1980 Вт, тяга 120 lb / 55 кг, ток 50 А, вес 28 кг, водоизмещение 800–1200 кг, обороты 2200, щёточный мотор. Подзаголовок той же страницы: лодка до 7,5 м и до 1500 кг. haiborussia.ru по другой цене 199 000 ₽: 1728 Вт, 125 lbs / 56,7 кг, вес 27,5 кг, лодка до 7 м, штанга 182 см. В карточку тягу, мощность и массу лодки не ставим.",https://haibo-official.ru/,https://haiborussia.ru/,https://haibo-official.ru/,2026-09-24,"3 лопасти, ударопрочный пластик — так написано на /1004",носовое,дистанционный пульт,80–120 А·ч — так написано на /1004,"на /1004: мотор, 1 винт, ключ, пульт, ремешок; вес комплекта 33 кг",,,,,,1,1,motor,1
A-NAV-P65,1,110,accessory,Аксессуары,Навигация,NAV-SENSOR-P65,HAIBO NAV SENSOR — компас / курсоуказатель,,,10900,,https://haibo-official.ru/1,https://img1.creatium.ru/41/df/c5/6e3c42900950a9278a48d590f234fcb0b5/6_photoroom_png_photoroom_min.png,,,P65,На карточке товара и в описании заявлен для HAIBO P65; совместимость с P001/P002/P003 не подтверждена.,,,,,,,,,,,,5,,,,,,1,Дополнительный датчик курса для повышения точности навигации и режима электронного якоря.,Для HAIBO P65,Кабель 5 м,"Jog: шаг 1,5 м",Навигация / якорь,high,Совместимость указана только с P65 — не расширяем её автоматически на P-серию 2025.,https://haibo.ru/accsesprodacts,https://haibo-official.ru/1,https://haibo-official.ru/,2026-09-22,,,,,,,,,,,1,1,other,0
A-QR-STANDARD,1,120,accessory,Аксессуары,Крепление и монтаж,QR-PLATE-STANDARD,HAIBO быстросъёмная алюминиевая пластина,,,9900,,https://haibo-official.ru/2,https://img1.creatium.ru/33/d0/e6/34265c2d8f4047488a77d24e288301ada1/7.png,,,HAIBO|Universal,"Заявлена для HAIBO, MotorGuide Xi5/Xi3; точную посадку конкретной модели проверять перед продажей.",,,,,,,,,,,,,,Алюминий + нержавеющая сталь,,,,,Слайдер из двух частей для быстрого снятия и установки носового электромотора.,Алюминий + нерж. сталь,HAIBO / MotorGuide,Слайдер из 2 частей,Возможность замка,high,,https://haibo.ru/accsesprodacts,https://haibo-official.ru/2,https://haibo-official.ru/,2026-09-22,,,,,,,,,,,1,1,mount,1
A-FUSE-60A,1,130,accessory,Аксессуары,Электрика и защита,FUSE-60A,Автоматический предохранитель HAIBO 60A,,,2500,,https://haibo-official.ru/3,https://img1.creatium.ru/a3/0c/5f/c8b2d16e094ae321165f95b9fa8fc4eb2f/8.png,,12|24|36,P001|P002|P003|Universal,Предназначен для цепей 12/24/36 В; окончательный подбор защиты — по сечению кабеля и току установки.,,,,,,,,,,,60,,,,,,,,Автоматическая защита силовой цепи электромотора от перегрузки и короткого замыкания.,60 А,12 / 24 / 36 В,Автоматический,Защита цепи,high,,https://haibo.ru/accsesprodacts,https://haibo-official.ru/3,https://haibo-official.ru/,2026-09-22,,,,,,,,,,,1,1,protection,1
A-RAM-P65,1,140,accessory,Аксессуары,Крепление и монтаж,RAM-P65,RAM-крепление HAIBO,,,3900,,https://haibo-official.ru/4,https://img1.creatium.ru/1d/1f/52/5d1cf10397a466674b0cf8a5dd9ffbd979/10.png,,,P65,В текущих описаниях указано для HAIBO P65; совместимость с P001/P002/P003 не подтверждена.,,,,,,,,,,,,,,,,,,,Кронштейн-фиксатор штанги троллингового электромотора.,Для HAIBO P65,Фиксация штанги,Регулируемый кронштейн,Для жёсткого борта,high,Не помечаем как совместимый с P001/P002/P003 без подтверждения.,https://haibo.ru/accsesprodacts,https://haibo-official.ru/4,https://haibo-official.ru/,2026-09-22,,,,,,,,,,,1,1,other,0
A-BAT-24-100,1,150,accessory,Аксессуары,Аккумуляторы,LFP-24V-100AH,HAIBO LiFePO4 24V 100Ah,,24V / 100Ah,70900,,https://haibo-official.ru/5,https://img1.creatium.ru/a4/db/35/27b6b483ea2868bf1b9e30c1e48ac0853a/1.png,24,24,P002,"По напряжению подходит к 24-вольтовой системе P002; схему, BMS и ток нагрузки проверять при подборе.",,,,,,,,,100,LiFePO4,,,370×430×300 мм — так на /5,,,,,,Тяговый LiFePO4-аккумулятор 24 В 100 А·ч для лодочного электрооборудования.,24 В,100 А·ч,LiFePO4,более 3500 циклов,conflict,"На /5 указаны 370×430×300 мм и 15,5 кг. У других российских карточек того же названия встречаются 270×380×120 мм / 15,5 кг и 270×330×250 мм / 22 кг. Габариты и массу в четыре строки карточки не выводим.",https://haibo.ru/accprodacts1,https://haibo-official.ru/5,https://haibo-official.ru/,2026-09-22,,,,,,более 3500,5,-20…+50 °C,15.5,до 100 А,1,1,battery,1
A-BAT-12-100,1,160,accessory,Аксессуары,Аккумуляторы,LFP-12V-100AH,HAIBO LiFePO4 12V 100Ah,,12V / 100Ah,38900,41400,https://haibo-official.ru/6,https://img1.creatium.ru/disk2/a3/32/75/b7e73dff323f44d59d79ebbc91baede26b/kreativ_bez_nazvaniya_1.png,12,12,P001,По напряжению подходит к 12-вольтовой системе P001; ток BMS и конкретную нагрузку проверять при подборе.,,,,,,,,,100,LiFePO4,,,,,,,,,Тяговый LiFePO4-аккумулятор 12 В 100 А·ч.,12 В,100 А·ч,LiFePO4,более 3500 циклов,conflict,"Текст /6 повторяет габариты 24-вольтовой карточки: 370×430×300 мм и 15,5 кг. Это похоже на копипаст. Европейские карточки другого корпуса Haibo 12V 100Ah сходятся: 360×270×115 мм, 9,75 кг, 1200 Вт·ч, до 7000 циклов, ток до 80 А. В публичную карточку габариты и массу не ставим.",https://haibo.ru/accprodacts1,https://www.rybashop.cz/en/haibo-battery-lifepo4-12v-100ah,https://haibo-official.ru/,2026-09-22,,,,,,более 3500 на haibo-official.ru/6; европейские магазины пишут до 7000,5,-20…+50 °C на своём сайте,,до 100 А на своём сайте,1,1,battery,1
A-COVER-54,1,170,accessory,Аксессуары,Чехлы,COVER-54,Чехол HAIBO для мотора 54″ / 137 см,,54″ / 137 см,6900,,https://haibo-official.ru/7,https://img1.creatium.ru/disk2/e2/81/7b/e4e27f08352e5155d36704df298d39bfc6/img_0862_copy_1_4_11zon.jpg,,,P001|P65,Подбор по длине штанги 54″; перед продажей проверить форму корпуса конкретной ревизии.,54,137,,,,,,,,,,,,Oxford 1680D + усиление ПВХ,,,,,Транспортировочный и стояночный чехол для GPS-электромотора со штангой 54″.,54″ / 137 см,Oxford 1680D,Водоотталкивающий,Усиление ПВХ,high,Карточка на сайте содержит две длины в одном товаре; в БД разделены на два SKU из-за разной цены.,https://haibo.ru/accsesprodacts,https://haibo-official.ru/7,https://haibo-official.ru/,2026-09-22,,,,,,,,,,,1,1,other,0
A-COVER-72,1,180,accessory,Аксессуары,Чехлы,COVER-72,Чехол HAIBO для мотора 72″ / 183 см,,72″ / 183 см,7900,,https://haibo-official.ru/7,https://img1.creatium.ru/disk2/e2/81/7b/e4e27f08352e5155d36704df298d39bfc6/img_0862_copy_1_4_11zon.jpg,,,P001|P002|P003|P65,Подбор по длине штанги 72″; перед продажей проверить форму корпуса конкретной ревизии.,72,183,,,,,,,,,,,,Oxford 1680D + усиление ПВХ,,,,,Транспортировочный и стояночный чехол для GPS-электромотора со штангой 72″.,72″ / 183 см,Oxford 1680D,Водоотталкивающий,Усиление ПВХ,high,Карточка на сайте содержит две длины в одном товаре; в БД разделены на два SKU из-за разной цены.,https://haibo.ru/accsesprodacts,https://haibo-official.ru/7,https://haibo-official.ru/,2026-09-22,,,,,,,,,,,1,1,other,0
A-BOW-PVC,1,190,accessory,Аксессуары,Крепление и монтаж,BOW-PLATFORM-PVC,Носовая площадка HAIBO для ПВХ-лодок,,,7500,,https://haibo-official.ru/8,https://img1.creatium.ru/disk2/a9/23/fa/5828a4ed77c7528ab63730e53ee182ce85/img_6304_kopiya_4.jpg,,,Universal,Площадка для установки электроякоря на ПВХ; совместимость зависит от геометрии лодки и нагрузки.,,,,,,,,,,,,,51 см × 72/30 см × 8 см,"Алюминий 5 мм, порошковая окраска",,,,,Алюминиевая носовая площадка для монтажа электроякоря на ПВХ-лодку.,Алюминий 5 мм,51 × 72/30 × 8 см,"4 опоры Ø8,5 см",Быстрый демонтаж,high,,https://haibo.ru/accsesprodacts,https://haibo-official.ru/8,https://haibo-official.ru/,2026-09-22,,,,,,,,,,,1,1,mount,1
A-CONNECTOR-50A,1,200,accessory,Аксессуары,Электрика и защита,ANDERSON-50A,Вилка-розетка HAIBO 50A,,,1900,,https://haibo-official.ru/9,https://img1.creatium.ru/disk2/be/ae/98/348f2b3702334b36488e48195cb0f39167/photo_2023_11_07_14_15_05.jpg,,,Universal,"Силовой разъём 50 А; применять только после проверки рабочего тока мотора, кабеля и защиты.",,,,,,,,,,,50,,,,,,,,Силовой разъём Anderson 50 А для подключения электромотора.,50 А,Разъём Anderson,Силовое подключение,Подбор по току,high,,https://haibo.ru/accsesprodacts,https://haibo-official.ru/9,https://haibo-official.ru/,2026-09-22,,,,,,,,,,,1,1,other,0
A-RAM-PVC-P65,1,210,accessory,Аксессуары,Крепление и монтаж,RAM-PVC-P65,RAM-крепление HAIBO для ПВХ-лодок,,,4500,,https://haibo-official.ru/10,https://img1.creatium.ru/disk2/02/95/f1/cf20ff2fef458142e23b110574c150a757/remove_bg_ai_1689089003855.png,,,P65,Текущая карточка заявляет P65; для P001/P002/P003 совместимость не подтверждена.,,,,,,,,,,,,,,,,,,,Фиксатор штанги электромотора с опорой для установки на ПВХ-лодке.,Для ПВХ-лодок,Для HAIBO P65,Фиксация штанги,Опорная площадка,high,Не помечаем как совместимый с P001/P002/P003 без подтверждения.,https://haibo.ru/accsesprodacts,https://haibo-official.ru/10,https://haibo-official.ru/,2026-09-22,,,,,,,,,,,1,1,other,0
A-QR-HD-P002-P003,1,220,accessory,Аксессуары,Крепление и монтаж,QR-HD-P002-P003,Усиленная быстросъёмная площадка HAIBO,,P002 / P003,16000,,https://haibo-official.ru/11,https://img1.creatium.ru/disk2/51/93/8d/7a20a4d464ad7db0155110699e97f62d1a/photo_2025_05_26_13_59_32.jpg,,24|36,P002|P003,Прямо заявлена для HAIBO P002 и P003.,,,,,,,3.5,,,,,,,,,,,,Усиленная быстросъёмная площадка для более крупных P002/P003.,P002 / P003,"Вес 3,5 кг",Усиленная конструкция,Повышенная нагрузка,high,,https://haibo-official.ru/11,https://haibo.ru/accsesprodacts,https://haibo-official.ru/,2026-09-22,,,,,,,,,,,1,1,mount,1
