block,name,type,initial_text_or_action
04_catalog,cat_kicker,Редактируемый текст,Каталог HAIBO
04_catalog,cat_title,Редактируемый текст,Моторы и оригинальное оборудование
04_catalog,cat_intro,Редактируемый текст,Выберите мотор и совместимое оборудование.
04_catalog,cat_m_p001_54_image,Загружаемая картинка,Фото M-P001-54; текущее https://img1.creatium.ru/disk2/3e/c6/bc/a811fff1c2b741a73219325578045071ac/haibo.png
04_catalog,cat_m_p001_54_label,Редактируемый текст,12 В · P001
04_catalog,cat_m_p001_54_title,Редактируемый текст,HAIBO P001 iPenguin 12V 54″
04_catalog,cat_m_p001_54_spec_1,Редактируемый текст,12 В
04_catalog,cat_m_p001_54_spec_2,Редактируемый текст,Штанга 137 см
04_catalog,cat_m_p001_54_spec_3,Редактируемый текст,Тяга 40 кг
04_catalog,cat_m_p001_54_spec_4,Редактируемый текст,Лодка до 5 м
04_catalog,cat_m_p001_54_old_price,Редактируемый текст,139 800 ₽
04_catalog,cat_m_p001_54_price,Редактируемый текст,132 900 ₽
04_catalog,cat_m_p001_72_image,Загружаемая картинка,Фото M-P001-72; текущее https://img1.creatium.ru/disk2/e1/e5/c3/cafd3998cc69703de086cf814564e36549/72_noga.png
04_catalog,cat_m_p001_72_label,Редактируемый текст,12 В · P001
04_catalog,cat_m_p001_72_title,Редактируемый текст,HAIBO P001 iPenguin 12V 72″
04_catalog,cat_m_p001_72_spec_1,Редактируемый текст,12 В
04_catalog,cat_m_p001_72_spec_2,Редактируемый текст,Штанга 183 см
04_catalog,cat_m_p001_72_spec_3,Редактируемый текст,Тяга 40 кг
04_catalog,cat_m_p001_72_spec_4,Редактируемый текст,Лодка до 5 м
04_catalog,cat_m_p001_72_old_price,Редактируемый текст,141 900 ₽
04_catalog,cat_m_p001_72_price,Редактируемый текст,139 900 ₽
04_catalog,cat_m_p002_60_image,Загружаемая картинка,Фото M-P002-60; текущее https://img1.creatium.ru/disk2/34/58/4d/9f4cc2b2aba7aa85c1164302866c90e4a7/haibo.png
04_catalog,cat_m_p002_60_label,Редактируемый текст,24 В · P002
04_catalog,cat_m_p002_60_title,Редактируемый текст,HAIBO P002 iPenguin 24V 60″
04_catalog,cat_m_p002_60_spec_1,Редактируемый текст,24 В
04_catalog,cat_m_p002_60_spec_2,Редактируемый текст,Штанга 60″ / 152 см
04_catalog,cat_m_p002_60_spec_3,Редактируемый текст,Мощность 1200 Вт
04_catalog,cat_m_p002_60_spec_4,Редактируемый текст,Лодка до 6 м
04_catalog,cat_m_p002_60_old_price,Редактируемый текст,149 900 ₽
04_catalog,cat_m_p002_60_price,Редактируемый текст,144 900 ₽
04_catalog,cat_m_p002_72_image,Загружаемая картинка,Фото M-P002-72; текущее https://img1.creatium.ru/disk2/fb/1f/8d/ffe6524be049d4cb42582643a770c6cde7/haibo_1.png
04_catalog,cat_m_p002_72_label,Редактируемый текст,24 В · P002
04_catalog,cat_m_p002_72_title,Редактируемый текст,HAIBO P002 iPenguin 24V 72″
04_catalog,cat_m_p002_72_spec_1,Редактируемый текст,24 В
04_catalog,cat_m_p002_72_spec_2,Редактируемый текст,Штанга 72″ / 183 см
04_catalog,cat_m_p002_72_spec_3,Редактируемый текст,Мощность 1200 Вт
04_catalog,cat_m_p002_72_spec_4,Редактируемый текст,Лодка до 6 м
04_catalog,cat_m_p002_72_old_price,Редактируемый текст,156 000 ₽
04_catalog,cat_m_p002_72_price,Редактируемый текст,149 900 ₽
04_catalog,cat_m_p003_72_image,Загружаемая картинка,Фото M-P003-72; текущее https://img1.creatium.ru/disk2/fa/95/c5/7c6a9e4cf96a25fc9dd69154d54a20c8c1/haibo.png
04_catalog,cat_m_p003_72_label,Редактируемый текст,36 В · P003
04_catalog,cat_m_p003_72_title,Редактируемый текст,HAIBO P003 iPenguin 36V 72″
04_catalog,cat_m_p003_72_spec_1,Редактируемый текст,36 В
04_catalog,cat_m_p003_72_spec_2,Редактируемый текст,Штанга 183 см
04_catalog,cat_m_p003_72_spec_3,Редактируемый текст,"GPS, ГЛОНАСС, BeiDou"
04_catalog,cat_m_p003_72_spec_4,Редактируемый текст,"Носовое, пульт"
04_catalog,cat_m_p003_72_old_price,Редактируемый текст,178 000 ₽
04_catalog,cat_m_p003_72_price,Редактируемый текст,159 900 ₽
04_catalog,cat_a_nav_p65_image,Загружаемая картинка,Фото A-NAV-P65; текущее https://img1.creatium.ru/41/df/c5/6e3c42900950a9278a48d590f234fcb0b5/6_photoroom_png_photoroom_min.png
04_catalog,cat_a_nav_p65_label,Редактируемый текст,Навигация
04_catalog,cat_a_nav_p65_title,Редактируемый текст,HAIBO NAV SENSOR — компас / курсоуказатель
04_catalog,cat_a_nav_p65_spec_1,Редактируемый текст,Для HAIBO P65
04_catalog,cat_a_nav_p65_spec_2,Редактируемый текст,Кабель 5 м
04_catalog,cat_a_nav_p65_spec_3,Редактируемый текст,"Jog: шаг 1,5 м"
04_catalog,cat_a_nav_p65_spec_4,Редактируемый текст,Навигация / якорь
04_catalog,cat_a_nav_p65_price,Редактируемый текст,10 900 ₽
04_catalog,cat_a_qr_standard_image,Загружаемая картинка,Фото A-QR-STANDARD; текущее https://img1.creatium.ru/33/d0/e6/34265c2d8f4047488a77d24e288301ada1/7.png
04_catalog,cat_a_qr_standard_label,Редактируемый текст,Крепление и монтаж
04_catalog,cat_a_qr_standard_title,Редактируемый текст,HAIBO быстросъёмная алюминиевая пластина
04_catalog,cat_a_qr_standard_spec_1,Редактируемый текст,Алюминий + нерж. сталь
04_catalog,cat_a_qr_standard_spec_2,Редактируемый текст,HAIBO / MotorGuide
04_catalog,cat_a_qr_standard_spec_3,Редактируемый текст,Слайдер из 2 частей
04_catalog,cat_a_qr_standard_spec_4,Редактируемый текст,Возможность замка
04_catalog,cat_a_qr_standard_price,Редактируемый текст,9 900 ₽
04_catalog,cat_a_fuse_60a_image,Загружаемая картинка,Фото A-FUSE-60A; текущее https://img1.creatium.ru/a3/0c/5f/c8b2d16e094ae321165f95b9fa8fc4eb2f/8.png
04_catalog,cat_a_fuse_60a_label,Редактируемый текст,Электрика и защита
04_catalog,cat_a_fuse_60a_title,Редактируемый текст,Автоматический предохранитель HAIBO 60A
04_catalog,cat_a_fuse_60a_spec_1,Редактируемый текст,60 А
04_catalog,cat_a_fuse_60a_spec_2,Редактируемый текст,12 / 24 / 36 В
04_catalog,cat_a_fuse_60a_spec_3,Редактируемый текст,Автоматический
04_catalog,cat_a_fuse_60a_spec_4,Редактируемый текст,Защита цепи
04_catalog,cat_a_fuse_60a_price,Редактируемый текст,2 500 ₽
04_catalog,cat_a_ram_p65_image,Загружаемая картинка,Фото A-RAM-P65; текущее https://img1.creatium.ru/1d/1f/52/5d1cf10397a466674b0cf8a5dd9ffbd979/10.png
04_catalog,cat_a_ram_p65_label,Редактируемый текст,Крепление и монтаж
04_catalog,cat_a_ram_p65_title,Редактируемый текст,RAM-крепление HAIBO
04_catalog,cat_a_ram_p65_spec_1,Редактируемый текст,Для HAIBO P65
04_catalog,cat_a_ram_p65_spec_2,Редактируемый текст,Фиксация штанги
04_catalog,cat_a_ram_p65_spec_3,Редактируемый текст,Регулируемый кронштейн
04_catalog,cat_a_ram_p65_spec_4,Редактируемый текст,Для жёсткого борта
04_catalog,cat_a_ram_p65_price,Редактируемый текст,3 900 ₽
04_catalog,cat_a_bat_24_100_image,Загружаемая картинка,Фото A-BAT-24-100; текущее https://img1.creatium.ru/a4/db/35/27b6b483ea2868bf1b9e30c1e48ac0853a/1.png
04_catalog,cat_a_bat_24_100_label,Редактируемый текст,Аккумуляторы
04_catalog,cat_a_bat_24_100_title,Редактируемый текст,HAIBO LiFePO4 24V 100Ah
04_catalog,cat_a_bat_24_100_spec_1,Редактируемый текст,24 В
04_catalog,cat_a_bat_24_100_spec_2,Редактируемый текст,100 А·ч
04_catalog,cat_a_bat_24_100_spec_3,Редактируемый текст,LiFePO4
04_catalog,cat_a_bat_24_100_spec_4,Редактируемый текст,более 3500 циклов
04_catalog,cat_a_bat_24_100_price,Редактируемый текст,70 900 ₽
04_catalog,cat_a_bat_12_100_image,Загружаемая картинка,Фото A-BAT-12-100; текущее https://img1.creatium.ru/disk2/a3/32/75/b7e73dff323f44d59d79ebbc91baede26b/kreativ_bez_nazvaniya_1.png
04_catalog,cat_a_bat_12_100_label,Редактируемый текст,Аккумуляторы
04_catalog,cat_a_bat_12_100_title,Редактируемый текст,HAIBO LiFePO4 12V 100Ah
04_catalog,cat_a_bat_12_100_spec_1,Редактируемый текст,12 В
04_catalog,cat_a_bat_12_100_spec_2,Редактируемый текст,100 А·ч
04_catalog,cat_a_bat_12_100_spec_3,Редактируемый текст,LiFePO4
04_catalog,cat_a_bat_12_100_spec_4,Редактируемый текст,более 3500 циклов
04_catalog,cat_a_bat_12_100_old_price,Редактируемый текст,41 400 ₽
04_catalog,cat_a_bat_12_100_price,Редактируемый текст,38 900 ₽
04_catalog,cat_a_cover_54_image,Загружаемая картинка,Фото A-COVER-54; текущее https://img1.creatium.ru/disk2/e2/81/7b/e4e27f08352e5155d36704df298d39bfc6/img_0862_copy_1_4_11zon.jpg
04_catalog,cat_a_cover_54_label,Редактируемый текст,Чехлы
04_catalog,cat_a_cover_54_title,Редактируемый текст,Чехол HAIBO для мотора 54″ / 137 см
04_catalog,cat_a_cover_54_spec_1,Редактируемый текст,54″ / 137 см
04_catalog,cat_a_cover_54_spec_2,Редактируемый текст,Oxford 1680D
04_catalog,cat_a_cover_54_spec_3,Редактируемый текст,Водоотталкивающий
04_catalog,cat_a_cover_54_spec_4,Редактируемый текст,Усиление ПВХ
04_catalog,cat_a_cover_54_price,Редактируемый текст,6 900 ₽
04_catalog,cat_a_cover_72_image,Загружаемая картинка,Фото A-COVER-72; текущее https://img1.creatium.ru/disk2/e2/81/7b/e4e27f08352e5155d36704df298d39bfc6/img_0862_copy_1_4_11zon.jpg
04_catalog,cat_a_cover_72_label,Редактируемый текст,Чехлы
04_catalog,cat_a_cover_72_title,Редактируемый текст,Чехол HAIBO для мотора 72″ / 183 см
04_catalog,cat_a_cover_72_spec_1,Редактируемый текст,72″ / 183 см
04_catalog,cat_a_cover_72_spec_2,Редактируемый текст,Oxford 1680D
04_catalog,cat_a_cover_72_spec_3,Редактируемый текст,Водоотталкивающий
04_catalog,cat_a_cover_72_spec_4,Редактируемый текст,Усиление ПВХ
04_catalog,cat_a_cover_72_price,Редактируемый текст,7 900 ₽
04_catalog,cat_a_bow_pvc_image,Загружаемая картинка,Фото A-BOW-PVC; текущее https://img1.creatium.ru/disk2/a9/23/fa/5828a4ed77c7528ab63730e53ee182ce85/img_6304_kopiya_4.jpg
04_catalog,cat_a_bow_pvc_label,Редактируемый текст,Крепление и монтаж
04_catalog,cat_a_bow_pvc_title,Редактируемый текст,Носовая площадка HAIBO для ПВХ-лодок
04_catalog,cat_a_bow_pvc_spec_1,Редактируемый текст,Алюминий 5 мм
04_catalog,cat_a_bow_pvc_spec_2,Редактируемый текст,51 × 72/30 × 8 см
04_catalog,cat_a_bow_pvc_spec_3,Редактируемый текст,"4 опоры Ø8,5 см"
04_catalog,cat_a_bow_pvc_spec_4,Редактируемый текст,Быстрый демонтаж
04_catalog,cat_a_bow_pvc_price,Редактируемый текст,7 500 ₽
04_catalog,cat_a_connector_50a_image,Загружаемая картинка,Фото A-CONNECTOR-50A; текущее https://img1.creatium.ru/disk2/be/ae/98/348f2b3702334b36488e48195cb0f39167/photo_2023_11_07_14_15_05.jpg
04_catalog,cat_a_connector_50a_label,Редактируемый текст,Электрика и защита
04_catalog,cat_a_connector_50a_title,Редактируемый текст,Вилка-розетка HAIBO 50A
04_catalog,cat_a_connector_50a_spec_1,Редактируемый текст,50 А
04_catalog,cat_a_connector_50a_spec_2,Редактируемый текст,Разъём Anderson
04_catalog,cat_a_connector_50a_spec_3,Редактируемый текст,Силовое подключение
04_catalog,cat_a_connector_50a_spec_4,Редактируемый текст,Подбор по току
04_catalog,cat_a_connector_50a_price,Редактируемый текст,1 900 ₽
04_catalog,cat_a_ram_pvc_p65_image,Загружаемая картинка,Фото A-RAM-PVC-P65; текущее https://img1.creatium.ru/disk2/02/95/f1/cf20ff2fef458142e23b110574c150a757/remove_bg_ai_1689089003855.png
04_catalog,cat_a_ram_pvc_p65_label,Редактируемый текст,Крепление и монтаж
04_catalog,cat_a_ram_pvc_p65_title,Редактируемый текст,RAM-крепление HAIBO для ПВХ-лодок
04_catalog,cat_a_ram_pvc_p65_spec_1,Редактируемый текст,Для ПВХ-лодок
04_catalog,cat_a_ram_pvc_p65_spec_2,Редактируемый текст,Для HAIBO P65
04_catalog,cat_a_ram_pvc_p65_spec_3,Редактируемый текст,Фиксация штанги
04_catalog,cat_a_ram_pvc_p65_spec_4,Редактируемый текст,Опорная площадка
04_catalog,cat_a_ram_pvc_p65_price,Редактируемый текст,4 500 ₽
04_catalog,cat_a_qr_hd_p002_p003_image,Загружаемая картинка,Фото A-QR-HD-P002-P003; текущее https://img1.creatium.ru/disk2/51/93/8d/7a20a4d464ad7db0155110699e97f62d1a/photo_2025_05_26_13_59_32.jpg
04_catalog,cat_a_qr_hd_p002_p003_label,Редактируемый текст,Крепление и монтаж
04_catalog,cat_a_qr_hd_p002_p003_title,Редактируемый текст,Усиленная быстросъёмная площадка HAIBO
04_catalog,cat_a_qr_hd_p002_p003_spec_1,Редактируемый текст,P002 / P003
04_catalog,cat_a_qr_hd_p002_p003_spec_2,Редактируемый текст,"Вес 3,5 кг"
04_catalog,cat_a_qr_hd_p002_p003_spec_3,Редактируемый текст,Усиленная конструкция
04_catalog,cat_a_qr_hd_p002_p003_spec_4,Редактируемый текст,Повышенная нагрузка
04_catalog,cat_a_qr_hd_p002_p003_price,Редактируемый текст,16 000 ₽
04_catalog,cat_form,Контейнер для компонентов,Штатная кнопка или форма Creatium для подбора
